<?xml version="1.0" encoding="UTF-8"?>
<metadata xml:lang="zh"><Esri><CreaDate>20210220</CreaDate><CreaTime>14370900</CreaTime><SyncOnce>TRUE</SyncOnce><DataProperties><itemProps><itemLocation><linkage Sync="TRUE">file://\\ZHAODS-PC\E\文章\青藏高原植被敏感性分析\submit_EF\shp_v1\shift_r45Copy</linkage><protocol Sync="TRUE">Local Area Network</protocol></itemLocation></itemProps><copyHistory><copy source="E:\文章\青藏高原植被敏感性分析\submit_EF\shp_v1\shift_r45" dest="\\ZHAODS-PC\E\文章\青藏高原植被敏感性分析\submit_EF\shp_v1\shift_r45Copy" date="20190725" time="09544800"></copy></copyHistory></DataProperties><ArcGISFormat>1.0</ArcGISFormat></Esri></metadata>
